Country,Year,Debt,Growth
Australia,1946,190.419080068143,-3.55795148247978
Australia,1947,177.321371355335,2.45947456679709
Australia,1948,148.929810515079,6.43753409710857
Australia,1949,125.828698553949,6.61199384930806
Australia,1950,109.809397999623,6.92020124184758
Australia,1951,87.0944792259533,4.27261154812808
Australia,1952,86.0664381755866,0.904651599574291
Australia,1953,79.8650221084478,3.11928028540407
Australia,1954,76.8467028869713,6.21681382650683
Australia,1955,74.980501949805,5.46208967060355
Australia,1956,71.8182657678456,3.44160814276697
Australia,1957,67.7237634682277,2.00301165719032
Australia,1958,66.0497512437811,4.80293215571987
Australia,1959,62.3884514435696,6.15657369066556
Australia,1960,48.3363802559415,4.19121263769575
Australia,1961,49.3781138268566,0.689465883515394
Australia,1962,50.3307607497244,6.24884149466269
Australia,1963,47.5875309452837,6.12556955789991
Australia,1964,45.0115260488705,6.84149961803642
Australia,1965,43.7390374331551,5.10734197378901
Australia,1966,42.4812330298674,2.78306395363856
Australia,1967,40.5344808881496,6.75167346665215
Australia,1968,39.494266587128,5.87889061543532
Australia,1969,36.8007764249162,6.0816970936826
Australia,1970,34.9635906262412,6.35978702888527
Australia,1971,32.289871721233,4.4488240704244
Australia,1972,30.7217442700466,2.80580154976351
Australia,1973,27.3614668002821,5.42113023315571
Australia,1974,22.3663943990665,2.47919495804172
Australia,1975,23.6368473561689,2.70746265275843
Australia,1976,22.9823490858137,4.03105305816383
Australia,1977,23.6389103162681,1.04675690859559
Australia,1978,24.7328917511093,2.90108207056801
Australia,1979,20.8721951141215,5.26597479916813
Australia,1980,19.1240875912409,1.99840205311963
Australia,1981,16.1768449812164,4.15575163781792
Australia,1982,15.043615122865,-0.0097400067530673
Australia,1983,17.5796955772545,-0.526011598231047
Australia,1984,20.062923963846,6.41449981176707
Australia,1985,21.4240170031881,5.71619626431963
Australia,1986,21.4917077070434,2.11057959212098
Australia,1987,19.9939123512373,4.39628095885791
Australia,1988,16.2935934114077,4.03041273124836
Australia,1989,12.4983297658004,4.57494906645084
Australia,1990,10.3312013888377,1.60443952202081
Australia,1991,9.30832139271476,-1.25011696760859
Australia,1992,10.8657169152173,2.11228737481879
Australia,1993,13.8149624320372,3.89721181178508
Australia,1994,15.9184748817064,5.01353866982568
Australia,1995,18.3834558684011,3.48883188817115
Australia,1996,17.775323368892,4.28160704089695
Australia,1997,17.4123245735034,3.99699685997652
Australia,1998,14.5861376950489,5.05137931080328
Australia,1999,13.2160492638041,4.40172373425132
Australia,2000,11.1060178708496,3.42612964814983
Australia,2001,9.23978259677442,2.08934021575549
Australia,2002,8.22777792501693,4.24734849267636
Australia,2003,7.0313350387233,2.96593976491422
Australia,2004,6.27135095137178,3.84227864889726
Australia,2005,5.89201334254395,2.75919465465262
Australia,2006,5.39256636274764,2.84037203390766
Australia,2007,4.90543010344605,4.04878029762532
Australia,2008,4.67788706633923,2.35422396414895
Australia,2009,8.41826984160015,0.732249739168633
Austria,1948,35.2022832901837,27.3291925465839
Austria,1949,26.4481413713405,18.9024390243902
Austria,1950,22.1443982123594,12.4089618396898
Austria,1951,15.2643312101911,6.83993463543693
Austria,1952,13.5804012249234,0.0873998543335697
Austria,1953,16.5658058965379,4.35162276233445
Austria,1954,14.268099837593,10.2196652719665
Austria,1955,11.8947319303812,11.0531144221948
Austria,1956,10.9238191123416,6.87936191425722
Austria,1957,8.30426907365725,6.12473347547975
Austria,1958,11.5927580736709,3.65161484755638
Austria,1959,13.5199043225696,2.84212056600117
Austria,1960,13.5685102264583,8.23182942631642
Austria,1961,12.3920535956318,5.30921439299941
Austria,1962,11.9662696452802,2.42258878002397
Austria,1963,12.0886170587356,4.07063572149344
Austria,1964,12.0436604189636,6.00190044020401
Austria,1965,11.4713995943205,2.87585525593648
Austria,1966,10.9782892041858,5.62826759611623
Austria,1967,12.1070690802143,3.04045522651897
Austria,1968,12.9842914874202,4.44408136590149
Austria,1969,13.0161194029851,6.28861947594839
Austria,1970,10.58343806534,7.12340863934065
Austria,1971,9.27693842047567,5.11231709830322
Austria,1972,8.93824105932645,6.20866337280737
Austria,1973,9.18619339405649,4.88702372747858
Austria,1974,8.87589068335031,3.94358595280839
Austria,1975,12.7993524050479,-0.362351560030705
Austria,1976,15.181059141509,4.57702199009822
Austria,1977,16.4255142061757,4.67678507588807
Austria,1978,18.8560477240556,-0.363263785394929
Austria,1979,23.5881780132418,5.45531976774381
Austria,1980,25.2011471361428,2.314
Austria,1981,26.7622848590671,-0.099
Austria,1982,28.8423107310499,1.908
Austria,1983,32.9775287024216,2.804
Austria,1984,35.4582749130186,0.332
Austria,1985,37.6409144659046,2.243
Austria,1986,42.0278441850654,2.341
Austria,1987,45.7718944982708,1.681
Austria,1988,45.7598961056484,0.961
Austria,1989,45.8473934844997,3.742
Austria,1990,45.9691806215266,4.171
Austria,1991,46.6508765564782,3.338
Austria,1992,46.7494990499783,1.888
Austria,1993,50.591228951998,0.374
Austria,1994,53.3303395006287,2.213
Austria,1995,55.8698378700326,2.539
Austria,1996,56.3491534832084,2.23
Austria,1997,58.4586875953782,2.126
Austria,1998,58.4765078516749,3.595
Austria,1999,59.5891483440163,3.34
Austria,2000,58.1634373991105,3.651
Austria,2001,57.1357982861096,0.52
Austria,2002,56.6388543646732,1.647
Austria,2003,56.8190163993157,0.801
Austria,2004,58.2308769578404,2.545
Austria,2005,58.0204035552271,2.46
Austria,2006,56.7082549324256,3.46
Austria,2007,54.4260696796685,3.547
Austria,2008,57.4634225949735,2.048
Austria,2009,62.167356864874,-3.824
Belgium,1947,98.6420596715163,15.2163021098959
Belgium,1948,74.2405108230687,11.4405542270448
Belgium,1949,78.254068488458,-1.30662891505271
Belgium,1950,73.6828782387758,5.64131712126093
Belgium,1951,64.4716690155447,7.03306260536798
Belgium,1952,66.2538635395038,-0.429523563443024
Belgium,1953,68.4600946012561,2.93107749773374
Belgium,1954,69.861413809551,-1.26872534974621
Belgium,1955,68.624334910861,5.1495118189969
Belgium,1956,65.8899767320878,2.43215983118605
Belgium,1957,62.8383073130984,3.04613687710755
Belgium,1958,67.1685950209826,-1.49460344449001
Belgium,1959,70.2802145989955,2.58742235278915
Belgium,1960,69.6691915999035,6.42816207486305
Belgium,1961,67.975231038115,4.96358672125783
Belgium,1962,65.6615735000196,4.6009621371027
Belgium,1963,63.8501042554893,6.18462526609342
Belgium,1964,59.3687226097245,7.15104365969566
Belgium,1965,57.6987047294926,3.44247406431457
Belgium,1966,55.3326048982581,3.75867346389342
Belgium,1967,54.07677150131,3.34511073859325
Belgium,1968,54.7940206191001,5.20399101478668
Belgium,1969,52.2178640693992,7.52912071364305
Belgium,1970,48.3278922388961,5.09117765248648
Belgium,1971,45.4831628028969,4.90975836691772
Belgium,1972,44.8098054272241,6.32754754290181
Belgium,1973,42.1708778814453,7.40209760381718
Belgium,1974,38.6826658137517,3.12869266106497
Belgium,1975,39.6338031655435,-2.89670245254842
Belgium,1976,39.3842310848093,5.71506251165117
Belgium,1977,42.2090393642698,1.11662664694456
Belgium,1978,45.5343037364714,3.0823595623346
Belgium,1979,49.233083362051,2.94325276213523
Belgium,1980,55.2451454928535,4.00784092782485
Belgium,1981,65.4015056461732,0.146065956894303
Belgium,1982,76.4467147155552,0.580710681835361
Belgium,1983,86.8510870999981,0.397437067988582
Belgium,1984,92.555985502425,2.10182257814298
Belgium,1985,100.131504327314,1.84740807494419
Belgium,1986,105.440985987361,1.85350947589358
Belgium,1987,109.764299609428,2.37334020233242
Belgium,1988,111.297254193512,4.56559277714737
Belgium,1989,109.349007070077,3.61793681349791
Belgium,1990,109.829822463435,3.08999508223595
Belgium,1991,112.519764350382,1.80036926121256
Belgium,1992,114.815125252153,1.33160356482727
Belgium,1993,121.692222787331,-0.692377849047066
Belgium,1994,118.74486905837,3.29156713779395
Belgium,1995,117.027231879678,4.2774252796794
Belgium,1996,112.840123965767,0.890287301796988
Belgium,1997,109.890462606746,3.68724482305749
Belgium,1998,105.341932449616,1.73003627680581
Belgium,1999,103.64025066362,3.37978897477853
Belgium,2000,99.7247312853023,3.7958010406433
Belgium,2001,99.3321565279865,0.765261408810147
Belgium,2002,98.1865130079296,1.49489467550314
Belgium,2003,95.7344815788133,1.01322401299779
Belgium,2004,93.3498039785605,2.78250955215169
Belgium,2005,91.8412530566387,2.17036758248652
Belgium,2006,87.3893909404868,3.0151354565195
Belgium,2007,85.3413834494867,2.59878357480952
Belgium,2008,90.3730581698605,0.969158147042992
Belgium,2009,96.6109967026557,-3.18236045758165
Canada,1946,135.913406760349,-1.026045777427
Canada,1947,117.030423280423,4.42583732057418
Canada,1948,105.182647004834,1.83276059564719
Canada,1949,124.016987625394,2.17472815898014
Canada,1950,110.96662907185,7.37591976970153
Canada,1951,89.0913935518252,5.67323127520458
Canada,1952,81.1257958711171,7.27676917376807
Canada,1953,82.6012468471899,4.67292947433862
Canada,1954,77.0121496556867,-0.691259445012704
Canada,1955,72.3329763571958,9.3388155162389
Canada,1956,68.0868108659238,8.08991666223515
Canada,1957,61.4127461706783,2.89565791878101
Canada,1958,61.7317766288903,1.78890998756847
Canada,1959,63.6604431810841,4.05379107642547
Canada,1960,61.7066973198621,3.10714423907856
Canada,1961,53.1634603134157,2.95096322241681
Canada,1962,53.8479725735903,7.00616046367513
Canada,1963,53.6431527999825,5.05933117583604
Canada,1964,52.0761314419677,6.51585324333526
Canada,1965,48.0726517159848,6.64897665120905
Canada,1966,50.8310579266617,6.48373239202105
Canada,1967,49.9899497487437,3.04469423496194
Canada,1968,50.2086274509804,5.22703525300567
Canada,1969,49.4900458094442,5.27146347593561
Canada,1970,44.8439475693879,2.58359197955358
Canada,1971,44.8123000953931,5.56890933925478
Canada,1972,44.4708655976262,5.28381533390676
Canada,1973,41.3144154775954,7.16134480320205
Canada,1974,37.8146920527249,4.08487519860592
Canada,1975,37.0707858670361,2.25926974591295
Canada,1976,36.2769391186171,5.47688770243386
Canada,1977,36.4090595827329,3.3606587781446
Canada,1978,34.1403254223236,4.04394815663431
Canada,1979,37.7637566843413,4.15687169336736
Canada,1980,35.1483009107144,1.33813598396173
Canada,1981,35.3812214717856,1.5475053130301
Canada,1982,36.2000075153124,0.124993519921213
Canada,1983,39.030610519195,3.866893713637
Canada,1984,41.9736251042803,5.89410368083774
Canada,1985,45.3476626987575,5.35402951350146
Canada,1986,49.753106098691,4.0375523145842
Canada,1987,51.0987096763836,1.78001352049946
Canada,1988,53.6587161253418,-0.172848825260929
Canada,1989,54.6146648825548,0.997558549031363
Canada,1990,55.223246117385,1.9275140029591
Canada,1991,57.3084345394707,3.10462896148147
Canada,1992,59.7134880360811,3.5231049814781
Canada,1993,61.3573709556398,2.78663707893585
Canada,1994,63.4501812686759,5.05138434156796
Canada,1995,63.1602322147637,4.18634907398121
Canada,1996,61.4661322955692,5.09976633590639
Canada,1997,58.1786665237049,5.39264034704545
Canada,1998,56.6246623873163,2.68278349077422
Canada,1999,52.2713091427973,2.02577059008238
Canada,2000,43.7614431152278,3.25356799462169
Canada,2001,41.9613635328488,1.99015413560657
Canada,2002,41.8013326285151,1.5020556300011
Canada,2003,39.5047150574403,1.01352403424735
Canada,2004,36.0766247475675,3.86412636417943
Canada,2005,32.1843327919742,2.73920744287439
Canada,2006,28.6955736558667,2.28088854199129
Canada,2007,27.1732590871763,3.13409178573727
Canada,2008,23.3247786777171,2.13213029844796
Canada,2009,30.2371908535509,-1.90667609190309
Denmark,1950,46.3390207715134,7.9458545282729
Denmark,1951,41.0852746682802,0.667700816078765
Denmark,1952,38.7250769978927,0.978158917325467
Denmark,1953,36.1387711864407,5.68935774946922
Denmark,1954,29.3954159898935,1.94293606202329
Denmark,1955,29.8409405255878,1.07765256481311
Denmark,1956,28.6074557858321,1.20933349579626
Denmark,1957,27.085488287192,7.58765989465764
Denmark,1958,26.1473500291206,2.25200022380125
Denmark,1959,23.1199453838882,7.43892095975487
Denmark,1960,19.9259549845535,2.79348102877515
Denmark,1961,16.4043318133988,6.33933658681596
Denmark,1962,15.0816354330862,5.51879979499603
Denmark,1963,13.4740798054604,0.627000772712227
Denmark,1964,10.7544037776596,9.35518550209526
Denmark,1965,7.86657101865136,4.56232570270649
Denmark,1966,6.09621601064841,2.72847631291133
Denmark,1967,5.81973438902571,3.36203515194531
Denmark,1968,5.29299981409952,4.10921773071433
Denmark,1969,4.75241425543094,6.37009008383525
Denmark,1970,4.80666104484088,2.0250314116476
Denmark,1971,5.01722684726515,2.66617618834368
Denmark,1972,5.28447171378354,5.27644062251718
Denmark,1973,4.9619713171115,3.63135931812129
Denmark,1974,4.56084465280282,-0.93243088873658
Denmark,1975,4.33788012409292,-0.660142117931939
Denmark,1980,34.973,-0.441574352953189
Denmark,1981,45.433,-0.886903820235196
Denmark,1982,58.548,3.71398274413535
Denmark,1983,70.274,2.65185724255999
Denmark,1984,72.979,4.16557709897225
Denmark,1985,70.83,4.02443446486849
Denmark,1986,67.731,4.94924089258804
Denmark,1987,64.852,0.289936831175419
Denmark,1988,62.68,-0.142664109582336
Denmark,1989,61.198,0.572900402683452
Denmark,1990,62.5231963913552,1.60744363496155
Denmark,1991,63.44047037672,1.3004028432706
Denmark,1992,67.9575775291062,1.97544568041923
Denmark,1993,79.819348131023,-0.089613444143366
Denmark,1994,76.8006387258239,5.52541034681611
Denmark,1995,75.5242560370363,3.06522333127333
Denmark,1996,73.736079813743,2.83456637237425
Denmark,1997,69.0540492519811,3.19850784746962
Denmark,1998,63.998556229697,2.16039085042494
Denmark,1999,60.8667705011249,2.56044153523098
Denmark,2000,54.9630591362948,3.52871521610421
Denmark,2001,52.0211738456585,0.70488823491226
Denmark,2002,51.6193889593077,0.465817655793743
Denmark,2003,49.6112630203685,0.383758989577254
Denmark,2004,46.9587635897366,2.29649081289534
Denmark,2005,39.291769669829,2.44518019368338
Denmark,2006,32.8030921694922,3.34395609741576
Denmark,2007,27.8858219433731,1.64654303249172
Denmark,2008,32.4331133081601,-1.20182205264322
Denmark,2009,37.7215008421631,-2.43302295546245
Finland,1946,70.6218911105576,8.13212396862522
Finland,1947,52.548021508629,2.32452789269391
Finland,1948,39.0101447141395,7.92871380455418
Finland,1949,26.6428356663214,6.06683871051092
Finland,1950,25.4752672148266,3.84458209726957
Finland,1951,19.167778218019,8.50390006451234
Finland,1952,13.1233409815295,3.35117020701583
Finland,1953,18.3102996468826,0.700800167355253
Finland,1954,18.9462011473597,8.75616722929109
Finland,1955,17.0404895494554,5.09526765674992
Finland,1956,16.5914762117231,3.02162849872774
Finland,1957,16.8892077962182,4.70162748643761
Finland,1958,16.0643620533617,0.539197101815581
Finland,1959,15.0504656076173,5.94125780366197
Finland,1960,12.7940491025141,9.14771603717619
Finland,1961,10.1285688416732,7.62011739981159
Finland,1962,11.5164884891679,3.11774014342951
Finland,1963,13.4411370892986,3.29447872791981
Finland,1964,13.6303825037434,5.05436844101657
Finland,1965,14.2290858039475,5.3166842184444
Finland,1966,15.183711316308,2.40271984458031
Finland,1967,15.8295227207774,2.11198839382865
Finland,1968,15.6878140703518,2.30054644808744
Finland,1969,12.0849716033202,9.63089578548155
Finland,1970,10.2244510443546,7.4693042291951
Finland,1971,8.89012579316487,2.09003944326065
Finland,1972,7.34116747874272,7.63167243982592
Finland,1973,4.94365115440681,6.70682648072123
Finland,1974,3.2791095890411,3.02954141211043
Finland,1975,3.68255273225358,1.15216453059617
Finland,1976,4.26087141496753,-0.42482144513496
Finland,1977,5.68524942656669,0.245919964229824
Finland,1978,8.35270147379773,2.09262563187631
Finland,1979,8.97594481919356,6.95743983689519
Finland,1980,9.21149763217859,5.33392334399891
Finland,1981,10.0085949515969,1.26938826157093
Finland,1982,12.2069650490138,3.02402803474937
Finland,1983,13.7862765915818,2.9471580975488
Finland,1984,14.3038239004488,3.04416640672835
Finland,1985,13.9456033229433,3.2804897190394
Finland,1986,14.4540509109854,2.62592270950934
Finland,1987,14.9802802519537,3.5583198468357
Finland,1988,13.0988493152301,5.10096728394431
Finland,1989,10.7089186194388,5.4151238617258
Finland,1990,10.3190258131186,0.082051092938995
Finland,1991,16.9008721725783,-6.24366697986329
Finland,1992,33.9589110467732,-3.73550795834152
Finland,1993,51.7915881457805,-0.920614831901034
Finland,1994,58.8485874837126,3.57348881288888
Finland,1995,62.6834884720393,3.92361629121289
Finland,1996,66.6146411366792,3.6998755861805
Finland,1997,64.8564554761874,6.19993355236443
Finland,1998,59.6243091883713,5.22533326381285
Finland,1999,55.4688746841301,3.92114760461486
Finland,2000,47.8342874320546,5.05662176659911
Finland,2001,44.1808536376166,2.70503335905232
Finland,2002,41.2028308840505,1.5732025277299
Finland,2003,43.4308297846875,1.81060111667029
Finland,2004,41.9241301275364,3.69639690328829
Finland,2005,38.227534558948,2.76791417405577
Finland,2006,35.2645813610087,4.92290829863593
Finland,2007,31.2081253784266,4.20273515379666
Finland,2008,29.4389589017366,1.04101081355332
Finland,2009,33.4194776931447,-6.35594758430433
France,1950,27.4198898693027,7.49400479616307
France,1951,22.8435917932321,6.13496932515338
France,1952,23.4974918001158,2.62743037309512
France,1953,25.7816589730167,2.91858678955452
France,1954,24.7686302030791,4.82587064676616
France,1955,23.7004695609194,5.79022306597059
France,1956,23.1956885878669,5.02467474203678
France,1957,24.0700218818381,6.02306706535669
France,1958,27.2948265826685,2.5382755842063
France,1959,27.1464564894373,2.82907662082514
France,1960,22.0902655938048,7.06916316392816
France,1961,19.3084469359154,5.49607423269094
France,1962,20.3955550301454,6.63058186738834
France,1963,19.6609798296139,5.48857868020305
France,1964,17.4770532840625,6.49624060150376
France,1965,15.2158415132192,4.6879412595312
France,1966,14.6689512360498,5.3142702994335
France,1967,15.1809045226131,4.58504098360657
France,1968,15.2721568627451,4.35953955424933
France,1969,14.5286525108761,6.94672612062894
France,1970,12.3710204439325,5.79328505595786
France,1971,10.7705515964312,5.37232939224226
France,1972,8.75790094099953,5.88582677165355
France,1979,31.1153032426806,3.30603579011224
France,1980,29.5203655568196,1.07163828537873
France,1981,30.5132376457416,1.5475053130301
France,1982,36.4492653782081,0.124993519921213
France,1983,38.333615198151,3.866893713637
France,1984,40.3885644612719,5.89410368083774
France,1985,41.2177426361978,5.35402951350146
France,1986,43.6684282343627,4.0375523145842
France,1987,45.1460745231326,1.78001352049946
France,1988,46.4365186106464,-0.172848825260929
France,1989,47.9036924505333,0.997558549031363
France,1990,49.3823807033866,1.9275140029591
France,1991,49.6437535370046,3.10462896148147
France,1992,55.1978267031558,3.5231049814781
France,1993,61.4817898668372,2.78663707893585
France,1994,64.8607314925023,5.05138434156796
France,1995,70.2537636323358,4.18634907398121
France,1996,68.9067657963775,5.09976633590639
France,1997,67.1295055308351,5.39264034704545
France,1998,68.97821740503,2.68278349077422
France,1999,64.856541683126,2.02577059008238
France,2000,55.7910939483136,3.25356799462169
France,2001,55.4106019298714,1.99015413560657
France,2002,59.4461956131592,1.5020556300011
France,2003,62.9552712648149,1.01352403424735
France,2004,61.7828621259409,3.86412636417943
France,2005,58.8676685237341,2.73920744287439
France,2006,53.246711150831,2.28088854199129
France,2007,53.0848312114918,3.13409178573727
France,2008,51.5673070885917,2.13213029844796
France,2009,60.0015126431759,-1.90667609190309
Germany,1951,6.05570594801258,9.16699955531102
Germany,1952,6.30451073414595,8.66994155599818
Germany,1953,7.317731928861,8.37245944967184
Germany,1954,11.2503461644974,7.45537153744686
Germany,1955,11.1421697590695,11.0037535735329
Germany,1956,10.0248557452743,7.16697548916008
Germany,1957,9.1284086924142,5.72937448118032
Germany,1958,9.30541820664288,4.45224271316131
Germany,1959,8.9043369588565,7.31355339192981
Germany,1960,8.66384165083684,8.06101145270799
Germany,1961,9.43705601600525,4.11920169316111
Germany,1962,8.34805536386951,4.265787541252
Germany,1963,8.37921036160891,2.81877379216615
Germany,1964,8.15317533566623,6.07829549136805
Germany,1965,7.64062919514295,5.06976694950496
Germany,1966,7.82011019537844,2.9641708813209
Germany,1967,9.37943742371787,0.309899593649932
Germany,1968,9.49325447456669,5.27487075152242
Germany,1969,8.41111707489494,6.61144225461736
Germany,1970,6.76650403022963,4.67997665785127
Germany,1971,6.37118047730386,2.94317538900941
Germany,1972,6.39365382879033,4.12735319160704
Germany,1973,6.00798691904875,4.53847847663982
Germany,1974,6.74876459586687,0.827304433424536
Germany,1975,9.94539109161556,-0.544631318820332
Germany,1976,10.7298562015137,4.82898679836983
Germany,1977,11.8767476374934,2.87756310339411
Germany,1978,13.2706983863361,2.8084290062738
Germany,1979,13.9685677390097,4.01854905350703
Germany,1980,14.9140255884604,1.14257995725851
Germany,1981,16.6507727472261,0.110299330592034
Germany,1982,18.3327817223677,-0.78816639681305
Germany,1983,19.4485322481045,1.55466809928657
Germany,1984,19.8407853936151,2.82608727820501
Germany,1985,20.3776736681143,2.19228469480488
Germany,1986,20.3831727941531,2.41731919217096
Germany,1987,21.1429908356589,1.46935582225283
Germany,1988,21.6240219113926,3.73561271474219
Germany,1989,20.8884834827732,3.91302416837132
Germany,1990,21.2141017144239,5.72342998509119
Germany,1991,19.5229811096912,5.0114026576872
Germany,1992,18.8385837028882,2.3058166544853
Germany,1993,20.6802503962829,-0.788782837360436
Germany,1994,20.4573449196517,2.62606577072946
Germany,1995,20.8661536597189,1.83943279988479
Germany,1996,22.7057056986631,0.95156314125775
Germany,1997,23.9979461057394,1.71199980545458
Germany,1998,24.8297988521713,1.97736662624683
Germany,1999,35.2037773359841,1.93168560720931
Germany,2000,34.6957525291027,3.22428380777804
Germany,2001,32.9979886512095,1.15079441968611
Germany,2002,33.566908123817,0.00627347464772221
Germany,2003,35.4798912559978,-0.231146278674221
Germany,2004,36.7327262586595,1.17621592148836
Germany,2005,39.5084506690015,0.732079771647265
Germany,2006,39.5826354190004,3.17589864175314
Germany,2007,38.7113087884029,2.51648229260428
Germany,2008,38.7129177017389,1.24810326772242
Germany,2009,43.7187693666007,-5.29683377308706
Greece,1970,18.8221009686825,7.95492735000494
Greece,1971,19.0047897817988,7.117874343057
Greece,1972,20.1204135162908,12.4435858862144
Greece,1973,16.5557215479879,3.92246294184722
Greece,1974,17.4779943666804,-3.63835856923415
Greece,1975,18.1763215075376,6.04997874536952
Greece,1976,20.804360217315,6.36049990694745
Greece,1977,23.2328527741372,3.42817917519114
Greece,1978,23.6519871106337,6.69677133896387
Greece,1979,23.133294864397,3.69073900157337
Greece,1980,24.5926851540347,0.677
Greece,1981,28.7738879074996,-1.554
Greece,1982,29.6342415296343,-1.133
Greece,1983,33.9595881339597,-1.079
Greece,1984,40.5032480405034,2.011
Greece,1985,47.1326280471326,2.51
Greece,1986,47.6600399476601,0.518
Greece,1987,52.9877776529878,-2.259
Greece,1988,62.6631447626631,4.288
Greece,1989,65.8402954658403,3.8
Greece,1990,89.0668403890665,0.0
Greece,1991,91.1247685911246,3.1
Greece,1992,97.6096436976097,0.7
Greece,1993,97.608,-1.6
Greece,1994,103.197,2.0
Greece,1995,104.806,2.1
Greece,1996,108.105,2.358
Greece,1997,105.22,3.638
Greece,1998,103.746,3.364
Greece,1999,103.561,3.42
Greece,2000,108.926,4.477
Greece,2001,109.684,4.197
Greece,2002,109.199,3.439
Greece,2003,106.407,5.582
Greece,2004,108.282,4.916
Greece,2005,108.991,2.898
Greece,2006,106.103,4.497
Greece,2007,105.03,4.036
Greece,2008,107.872,2.933
Greece,2009,100.0,-0.753
Ireland,1947,20.5905307280461,1.89473684210526
Ireland,1948,21.0170885096575,4.86080904741193
Ireland,1949,27.5432299601484,5.23695945245255
Ireland,1950,37.6844792872976,0.817895151754033
Ireland,1951,45.6064146326273,2.51197341413352
Ireland,1952,47.4288654525344,2.52669717772693
Ireland,1953,49.2227567919465,2.6969217892681
Ireland,1954,55.9834263754685,0.896495517522422
Ireland,1955,63.8198680452563,2.60276431520374
Ireland,1956,67.314450614523,-1.30335899230231
Ireland,1957,70.1491638047529,-0.150669148276172
Ireland,1958,72.7942308145605,-2.05929344931652
Ireland,1959,70.3366964550564,4.05111473626971
Ireland,1960,73.6390811340418,5.6266875707691
Ireland,1961,73.6603885469678,4.77447019048405
Ireland,1962,73.5131248214337,3.2583031638596
Ireland,1963,74.4750652901391,4.73323170731708
Ireland,1964,70.8895015357935,3.91529000800523
Ireland,1965,73.4183639530615,1.74381959520975
Ireland,1966,78.0546382467727,0.853524229074898
Ireland,1967,76.9729581656609,5.93093093093093
Ireland,1968,66.1047656159066,8.26621996005412
Ireland,1969,63.585673342706,6.01642466079504
Ireland,1970,62.2374887343343,2.66067920291888
Ireland,1971,59.6729463517261,3.46656460167314
Ireland,1972,55.8825537341722,6.48945727421657
Ireland,1973,52.0617641838727,4.72433129869485
Ireland,1974,65.4591739873774,4.26005781168555
Ireland,1975,72.3595163044641,5.65403145168621
Ireland,1976,77.6392916087447,1.39808999397746
Ireland,1977,74.1439815635722,8.20924016800306
Ireland,1978,76.4719183367096,7.19046498863012
Ireland,1979,82.6061853569793,3.07242136064374
Ireland,1980,84.3512099678799,2.9
Ireland,1981,89.752758709987,2.5
Ireland,1982,87.2017319110256,1.5
Ireland,1983,96.4919028905489,-0.7
Ireland,1984,101.60412646234,3.2
Ireland,1985,102.963176069486,1.9
Ireland,1986,109.678571315794,0.4
Ireland,1987,112.430132889981,3.6
Ireland,1988,108.334249118853,3.0
Ireland,1989,97.6786350906523,5.6
Ireland,1990,87.7093696651545,7.7
Ireland,1991,85.5213568914452,1.6
Ireland,1992,83.5548723955984,3.6
Ireland,1993,83.2707730987993,2.3
Ireland,1994,79.8014970554409,5.9
Ireland,1995,72.9536573293796,9.6
Ireland,1996,65.5486447104508,8.1
Ireland,1997,58.165691493955,11.5
Ireland,1998,48.7628763373456,8.4
Ireland,1999,43.9785064844018,10.7
Ireland,2000,34.8296542110365,9.4
Ireland,2001,30.9440061610583,5.7
Ireland,2002,27.9144673880316,6.5
Ireland,2003,26.9106308189293,4.4
Ireland,2004,25.3833519282964,4.6
Ireland,2005,23.5559104674034,6.2
Ireland,2006,20.3197610884445,5.4
Ireland,2007,19.7938425892705,6.0
Ireland,2008,27.7191815575867,-3.0
Ireland,2009,44.3713662790698,-7.5
Italy,1951,26.5700708162505,7.46558193953575
Italy,1952,26.8738115816768,7.4851076312108
Italy,1953,26.7213755373193,7.21472019145486
Italy,1954,28.6489658207423,5.18679511278195
Italy,1955,28.3222458754657,5.8194188492396
Italy,1956,27.9645476772616,4.53408036448553
Italy,1957,27.5308852832337,5.90368491243127
Italy,1958,27.0056197646061,5.34695628684474
Italy,1959,26.6992860352489,6.22756342574438
Italy,1960,24.6977205153617,5.42194549656203
Italy,1961,21.7431228206122,8.42175088642034
Italy,1962,20.759707566039,7.79708812641309
Italy,1963,18.2679512268553,7.12306034606942
Italy,1964,17.9521452145215,3.90267386007284
Italy,1965,17.8626929761783,2.24857829903218
Italy,1966,16.6599713776394,5.21973570958432
Italy,1967,14.2633451957295,7.11988047319909
Italy,1968,16.0459770114943,8.36193265533474
Italy,1969,15.9934235976789,5.71837782042939
Italy,1970,14.4022663562856,2.24585384598794
Italy,1971,16.3769757384699,1.89432144596611
Italy,1972,18.6433600775778,2.92593882025274
Italy,1973,20.1985997393275,6.54193475251996
Italy,1974,22.6748078607267,4.68961564269204
Italy,1975,27.6369806501603,-2.14641662841781
Italy,1976,29.992172412611,6.49824272212227
Italy,1977,32.7933728055531,2.88971697415756
Italy,1978,46.6471860347054,3.72813052278829
Italy,1979,45.7606465691847,5.67285782925124
Italy,1980,45.6256048450036,-1.414
Italy,1981,52.8589272083825,0.781
Italy,1982,58.4786750426646,0.668
Italy,1983,64.3068582425684,0.913
Italy,1984,66.4556456169265,3.226
Italy,1985,61.9725457141383,2.798
Italy,1986,67.1018992978973,2.86
Italy,1987,70.8155818410231,3.192
Italy,1988,73.7074960652978,4.194
Italy,1989,76.6745765827491,3.388
Italy,1990,78.9842750391799,2.053
Italy,1991,81.9491201888037,1.534
Italy,1992,85.4432635479032,0.773
Italy,1993,95.1402305432455,-0.888
Italy,1994,104.801115635371,2.152
Italy,1995,104.288665976122,2.827
Italy,1996,103.77586721411,1.095
Italy,1997,101.150834687546,1.872
Italy,1998,99.743655266732,1.401
Italy,1999,97.8009741901711,1.464
Italy,2000,95.117122563095,3.693
Italy,2001,91.7101669803388,1.818
Italy,2002,88.2419338650278,0.454
Italy,2003,86.6571086232074,-0.017
Italy,2004,85.1037347380222,1.532
Italy,2005,84.8582372611019,0.656
Italy,2006,84.621177745762,2.036
Italy,2007,83.4073997359087,1.564
Italy,2008,86.2595723299242,-1.04
Italy,2009,97.135118206495,-5.145
Japan,1956,10.6158752732907,6.20152665914178
Japan,1957,8.93583710157207,7.32824619996182
Japan,1958,9.32083582503488,6.39535957113628
Japan,1959,9.49918500716436,8.3429692811767
Japan,1960,8.37169341086966,11.2621178279494
Japan,1961,6.32454684146562,9.99769677522357
Japan,1962,5.83640572946811,6.71625365983657
Japan,1963,4.71690186834016,7.71374677256085
Japan,1964,4.56720591172359,9.23443470628904
Japan,1965,5.37504716120002,5.12189575615163
Japan,1966,6.97478124181294,9.70177571752924
Japan,1967,8.53647287644896,10.4644217220371
Japan,1968,9.0341539106256,10.5278072813931
Japan,1969,8.80517251630673,11.7832236773483
Japan,1970,8.48913421383082,10.133699674495
Japan,1971,9.42441695486938,4.73127613158759
Japan,1972,12.6677493441161,8.59311513210601
Japan,1973,11.6930896549272,8.19770618986535
Japan,1974,11.7021416227168,-1.59305581714351
Japan,1975,15.3682114517249,2.83806811128742
Japan,1976,19.6177976022525,4.00023176008617
Japan,1977,24.834265334928,3.58950464093135
Japan,1978,30.4983640241874,4.22294654498043
Japan,1979,35.0056430463965,6.8046807565769
Japan,1980,39.0617707155631,4.62659880715124
Japan,1981,40.9274460977366,4.17684395604396
Japan,1982,44.2762554278416,3.37660829649262
Japan,1983,48.0581688429471,3.0607380356708
Japan,1984,49.2488474999918,4.46389901590438
Japan,1985,50.2071874079167,6.33335688872323
Japan,1986,54.1692574820794,2.83107664083677
Japan,1987,55.8154435879349,4.10742706379599
Japan,1988,54.0401856496296,7.14669370734153
Japan,1989,50.7890586471746,5.37015251893587
Japan,1990,49.230105083783,5.57239829949512
Japan,1991,47.9655471409594,3.32434077482637
Japan,1992,49.8137325907611,0.819029858818543
Japan,1993,55.3201551316099,0.171062719635451
Japan,1994,59.9567980400862,0.863578243757668
Japan,1995,66.1185036913377,1.8816560884261
Japan,1996,70.4334254811983,2.63728736395086
Japan,1997,75.3317328126789,1.56356659319179
Japan,1998,86.6714998524294,-2.04886791034151
Japan,1999,98.3403298441208,-0.141010782108642
Japan,2000,106.480645738484,2.86013943123504
Japan,2001,122.018805754239,0.18438948337951
Japan,2002,130.913655681115,0.262257029347435
Japan,2003,136.677422118158,1.4135402737087
Japan,2004,150.725325488433,2.74426209676633
Japan,2005,162.074525545409,1.93409253753054
Japan,2006,164.036364353079,2.0394692472756
Japan,2007,162.46546660075,2.33731652904197
Japan,2008,166.87808329605,-0.705249317140966
Japan,2009,181.511011155724,-5.36936455859048
Netherlands,1957,46.3609805664931,2.81186469738164
Netherlands,1958,47.0868910095429,-0.296605122096483
Netherlands,1959,44.7822756466914,4.88883047992259
Netherlands,1960,41.1218894981021,8.41411046438783
Netherlands,1961,38.8891658772498,0.288926245009447
Netherlands,1962,35.1851851851852,6.84930071761563
Netherlands,1963,34.5932094811019,3.6208367240889
Netherlands,1964,29.770548939878,8.28870427492761
Netherlands,1965,28.2770500861312,5.23303566747637
Netherlands,1966,28.0689181522291,2.7558434010047
Netherlands,1967,29.382957884427,5.26286019037769
Netherlands,1968,28.9577658347444,6.41758849132934
Netherlands,1969,23.9137561953985,6.43813975632452
Netherlands,1970,23.3934223200771,5.69494144437215
Netherlands,1971,21.1767573661598,4.22173062742457
Netherlands,1972,19.1755858073466,3.30997483680839
Netherlands,1973,17.1088431332945,4.68797455916246
Netherlands,1974,16.6500863919577,3.96607334846495
Netherlands,1975,17.738737798689,-0.0913751689346265
Netherlands,1976,18.6906530046894,4.70875594207978
Netherlands,1977,19.3194660802101,2.71870456185863
Netherlands,1978,20.6618880153974,2.35854820970305
Netherlands,1979,22.6937478724611,2.22709726201846
Netherlands,1980,26.0700219635269,1.20583354825523
Netherlands,1981,30.4992019177708,-0.513749767944915
Netherlands,1982,36.5552520373422,-1.28309663182064
Netherlands,1983,42.7050170161379,1.75796178343948
Netherlands,1984,47.8232795955757,3.11919492141439
Netherlands,1985,51.4384170630874,2.65633321845922
Netherlands,1986,51.9223937829381,3.12472580922045
Netherlands,1987,54.128956826744,1.85072837980809
Netherlands,1988,56.8870867701651,2.98043431676287
Netherlands,1989,57.520964360587,4.78459449450683
Netherlands,1990,58.4247888619278,4.06461102453375
Netherlands,1991,59.2484028267725,2.40509481623794
Netherlands,1992,60.6442703173317,1.48951559158974
Netherlands,1993,61.227776110554,0.651357331582281
Netherlands,1994,58.048741465722,2.86436915237676
Netherlands,1995,58.9331752172731,3.0331904558653
Netherlands,1996,57.6691529452237,3.40600448688215
Netherlands,1997,53.9100097300993,4.27843544400934
Netherlands,1998,52.0051646508343,3.92352083372789
Netherlands,1999,49.1205174614765,4.68448579737009
Netherlands,2000,42.9945449325294,3.94093202656964
Netherlands,2001,40.247380681704,1.92578237151881
Netherlands,2002,40.4330050256441,0.0762894680628845
Netherlands,2003,42.5206260679953,0.335652328925207
Netherlands,2004,43.7514251278543,2.23650836323683
Netherlands,2005,42.948382082831,2.04650014176873
Netherlands,2006,39.1695173782339,3.39426640554628
Netherlands,2007,37.9837654572823,3.61311574886765
Netherlands,2008,50.2951082678982,1.99580842581708
Netherlands,2009,50.4754848763113,-4.17271616179016
New Zealand,1946,134.014453584019,7.71131982204647
New Zealand,1947,120.429771784232,11.9320789352914
New Zealand,1948,117.20595959596,-9.92209922099221
New Zealand,1949,111.486269196025,10.7874374146564
New Zealand,1950,87.6529119318182,14.6759487665158
New Zealand,1951,91.7511309115833,-7.63510163609321
New Zealand,1952,85.831609947644,4.34782608695652
New Zealand,1953,79.2638461538462,3.42078189300412
New Zealand,1954,75.2755993606819,13.7652325292216
New Zealand,1955,73.8437594744821,1.86359164936059
New Zealand,1956,70.7604427333975,5.18268147432803
New Zealand,1957,68.0556404494382,2.85641418005611
New Zealand,1958,67.3943127962085,3.92759732209274
New Zealand,1959,65.7979049153908,7.1193396001336
New Zealand,1960,62.8593970971343,0.0
New Zealand,1961,62.3911606180381,5.59044946322775
New Zealand,1962,60.2763587862621,2.15575430307122
New Zealand,1963,59.0982584784601,6.33491637414825
New Zealand,1964,56.331680133742,4.87397568837624
New Zealand,1965,55.1865359814289,6.36942675159236
New Zealand,1966,55.8545679623669,6.30831360534745
New Zealand,1967,57.6608654076022,-4.56510348441184
New Zealand,1968,58.9848737601443,-0.161279253311375
New Zealand,1969,54.0802493182704,10.3247980752707
New Zealand,1970,49.3332133058985,-1.41748964142185
New Zealand,1971,43.7439918533605,5.18581721653395
New Zealand,1972,39.982280723959,4.28421210755596
New Zealand,1973,37.7758452005653,7.10437613436663
New Zealand,1974,36.0475482912333,5.95260510530704
New Zealand,1975,35.8159067535139,-1.15003808073115
New Zealand,1976,39.3730941068009,2.43983871381976
New Zealand,1977,41.9706078824315,-4.87126131320982
New Zealand,1978,44.0971812713763,0.403225806451624
New Zealand,1979,44.5263955544329,2.03953067170644
New Zealand,1980,44.9765135699374,1.009
New Zealand,1981,41.629916460507,2.961
New Zealand,1982,45.7671368079213,2.878
New Zealand,1983,53.7529779844427,-0.124
New Zealand,1984,55.591419712296,6.858
New Zealand,1985,62.3647365399055,1.213
New Zealand,1986,57.2912190230626,1.81
New Zealand,1987,67.7775117708084,0.754
New Zealand,1988,57.4385815310878,-0.022
New Zealand,1989,55.2647324845196,0.846
New Zealand,1990,60.6176181102362,0.056
New Zealand,1991,60.2377426785127,-1.677
New Zealand,1992,62.0285463679132,0.771
New Zealand,1993,58.3360979026134,5.195
New Zealand,1994,52.9775556544461,5.859
New Zealand,1995,47.2018839648897,4.337
New Zealand,1996,42.3637978379151,4.019
New Zealand,1997,35.3988919394995,2.163
New Zealand,1998,36.6492247874573,-0.048
New Zealand,1999,33.4844352830653,4.329
New Zealand,2000,31.0950252791055,3.83
New Zealand,2001,29.4927954815314,2.614
New Zealand,2002,27.6338488313512,4.926
New Zealand,2003,25.7871343023339,4.135
New Zealand,2004,23.6931962173049,4.536
New Zealand,2005,22.271297384894,2.813
New Zealand,2006,21.3481590290654,1.954
New Zealand,2007,17.5250704668216,3.193
New Zealand,2008,17.7386166570323,0.194
New Zealand,2009,24.2546978232533,-2.175
Norway,1946,64.9935052885508,10.2012700697625
Norway,1947,53.1086939386774,13.5629733774774
Norway,1948,45.5286248561565,6.95151660376605
Norway,1949,45.4748480632643,2.66708986608539
Norway,1950,31.5318781927951,4.87008706326295
Norway,1951,26.343725019984,5.4177667373313
Norway,1952,23.7955817094347,3.52437038377391
Norway,1953,25.9615476133822,3.97165261744541
Norway,1954,26.1893065485328,5.04752953402716
Norway,1955,26.7011285937886,2.20773032955921
Norway,1956,26.8607530405651,5.33676377961161
Norway,1957,28.1465399343545,3.01577649403737
Norway,1958,28.4609853802171,0.0
Norway,1959,29.8979262226242,4.21529693018559
Norway,1960,29.4609474257366,5.62665399586522
Norway,1961,25.1066377882533,6.2677256369313
Norway,1962,24.2761555739449,2.81600511338311
Norway,1963,22.9756247125556,3.82434097874336
Norway,1964,22.0751380776414,4.97765125452359
Norway,1965,20.5058393637601,5.31050493325596
Norway,1966,22.2525609778446,3.78203361807661
Norway,1967,23.1021775544389,6.24741064582213
Norway,1968,23.0933333333333,2.24568539291954
Norway,1969,22.7937998789939,4.51282440271132
Norway,1970,23.6350889492595,1.98701264664198
Norway,1971,24.3005443016666,5.13049614827319
Norway,1972,26.0878401723472,5.09315929308372
Norway,1973,26.3929120623681,4.41316973151698
Norway,1974,26.1643413242889,4.19219855239348
Norway,1975,27.6270662129628,5.22786814878407
Norway,1976,29.4237562167197,5.86305574701056
Norway,1977,34.8495290604181,4.267506802234
Norway,1978,35.6426572701834,3.48768224598128
Norway,1979,38.6085296516063,4.48125501957206
Norway,1980,33.9700284081882,4.94943965889776
Norway,1981,29.8364590232993,1.5475053130301
Norway,1982,26.0019790322783,0.124993519921213
Norway,1983,20.836349286882,3.866893713637
Norway,1984,23.2228229480845,5.89410368083774
Norway,1985,25.7751180235758,5.35402951350146
Norway,1986,34.0315961134573,4.0375523145842
Norway,1987,26.5299012469757,1.78001352049946
Norway,1988,25.5291968843979,-0.172848825260929
Norway,1989,25.3569062234557,0.997558549031363
Norway,1990,22.3914327816975,1.9275140029591
Norway,1991,22.9411893617213,3.10462896148147
Norway,1992,27.2192636777982,3.5231049814781
Norway,1993,35.3532220680737,2.78663707893585
Norway,1994,33.022191473431,5.05138434156796
Norway,1995,30.8175320662641,4.18634907398121
Norway,1996,27.5736454370323,5.09976633590639
Norway,1997,24.6769063064029,5.39264034704545
Norway,1998,22.2463958749868,2.68278349077422
Norway,1999,20.8625234797611,2.02577059008238
Norway,2000,19.3019362156031,3.25356799462169
Norway,2001,18.1327876425769,1.99015413560657
Norway,2002,18.9926973001547,1.5020556300011
Norway,2003,21.3217218900385,1.01352403424735
Norway,2004,18.4019873324766,3.86412636417943
Norway,2005,17.1726661595707,2.73920744287439
Norway,2006,12.472992308654,2.28088854199129
Norway,2007,11.6528406620673,3.13409178573727
Norway,2008,13.7334793118604,2.13213029844796
Norway,2009,21.653991277091,-1.90667609190309
Portugal,1950,24.6483790523691,2.83729347889543
Portugal,1953,20.7926829268293,6.9785109615802
Portugal,1954,20.3128712871287,4.79862026985898
Portugal,1955,19.6704119850187,4.12391093901259
Portugal,1956,19.1951219512195,4.3650055782819
Portugal,1957,18.5241264559068,4.42741971404392
Portugal,1958,17.6228209191759,1.31371294519087
Portugal,1959,17.3135215453195,5.41405296173114
Portugal,1960,15.9427012278308,6.67758297056591
Portugal,1961,14.850443599493,5.46216914379845
Portugal,1962,13.9856972586412,6.63826766063187
Portugal,1963,16.2349066959385,5.93541944074567
Portugal,1964,15.5476673427992,6.59271596015461
Portugal,1965,14.7170154686078,7.44376639839628
Portugal,1966,14.578073089701,4.06903363880811
Portugal,1967,15.9910846953938,7.54831395502122
Portugal,1968,16.8927595628415,8.89635222592666
Portugal,1969,17.617445482866,2.12286981382679
Portugal,1970,16.9644839067703,9.11295300238075
Portugal,1971,16.0539871223378,6.6325912158067
Portugal,1972,14.1072340425532,8.01424755120215
Portugal,1973,11.801559177888,11.2013471084528
Portugal,1974,10.3097553787209,1.14358723598909
Portugal,1975,10.2486744432662,-4.34796169801316
Portugal,1976,9.11132437619962,6.8999250008152
Portugal,1977,7.42993737946066,5.60198883567702
Portugal,1978,6.81163157286373,2.81633183610392
Portugal,1979,6.3095770275904,5.6385115677984
Portugal,1980,7.98859908920098,4.59024241054213
Portugal,1981,10.0854683773665,1.5475053130301
Portugal,1982,11.3785053042299,0.124993519921213
Portugal,1983,12.7093018203936,3.866893713637
Portugal,1984,9.01268942689818,5.89410368083774
Portugal,1985,13.249885071823,5.35402951350146
Portugal,1986,14.0260084191387,4.0375523145842
Portugal,1987,15.8364792604963,1.78001352049946
Portugal,1988,18.4203008816018,-0.172848825260929
Portugal,1989,21.2202551515463,0.997558549031363
Portugal,1990,23.8194764206321,1.9275140029591
Portugal,1991,25.2796306614662,3.10462896148147
Portugal,1992,29.5693075522632,3.5231049814781
Portugal,1993,33.5545944739876,2.78663707893585
Portugal,1994,35.4400005473154,5.05138434156796
Portugal,1995,35.8896285936679,4.18634907398121
Portugal,1996,39.170436562236,5.09976633590639
Portugal,1997,39.4328445879042,5.39264034704545
Portugal,1998,32.9337774152148,2.68278349077422
Portugal,1999,29.3507327407343,2.02577059008238
Portugal,2000,54.122458493498,3.25356799462169
Portugal,2001,56.0290855940854,1.99015413560657
Portugal,2002,58.6815349173767,1.5020556300011
Portugal,2003,60.1643792123075,1.01352403424735
Portugal,2004,62.9572810279751,3.86412636417943
Portugal,2005,68.2371717496848,2.73920744287439
Portugal,2006,69.8359237291407,2.28088854199129
Portugal,2007,69.1290729812047,3.13409178573727
Portugal,2008,71.2651899800274,2.13213029844796
Portugal,2009,80.1014511766213,-1.90667609190309
Spain,1946,61.1992977082494,4.15624967234916
Spain,1947,55.1080753392524,1.98401483773321
Spain,1948,55.609531530894,0.281950434878975
Spain,1949,53.8783672724881,-0.0167943029228068
Spain,1950,46.2219432397813,2.05700261996127
Spain,1951,39.9616507171476,9.20574778263028
Spain,1952,38.9038378036674,8.56533804515443
Spain,1953,40.2998530928489,-0.0287254646297752
Spain,1954,37.9393484675048,7.09763246005666
Spain,1955,38.8725551357856,3.31861682539647
Spain,1956,35.2901897515051,8.18399792162126
Spain,1957,34.0512330166791,3.28342653164513
Spain,1958,30.0156438026474,6.27504749911987
Spain,1981,10.3996583828247,-0.407986506814972
Spain,1982,11.583411507192,1.23878181550685
Spain,1983,12.9976399914182,1.65248955285577
Spain,1984,17.7343610374894,1.69805985938984
Spain,1985,30.3881375420921,2.36164390408478
Spain,1986,35.2351260222871,3.43204873106362
Spain,1987,36.2503675586089,5.70898318787214
Spain,1988,36.6836982150489,5.28454717239184
Spain,1989,33.0671374911881,5.00392360632442
Spain,1990,34.4816640920922,3.84645487390143
Spain,1991,35.989719929478,2.52556441064491
Spain,1992,36.1146492665431,0.850600661130363
Spain,1993,39.4059571171948,-1.31369492274666
Spain,1994,48.6878002205627,2.33451353579444
Spain,1995,48.767550031112,4.12223515715948
Spain,1996,52.1624041764118,2.421260942968
Spain,1997,55.7744372380596,3.86544200963685
Spain,1998,55.7152386633215,4.46884629775213
Spain,1999,50.8218063185629,4.74529072551599
Spain,2000,48.4400956426127,5.05280628219953
Spain,2001,45.0906302245702,3.64500096912337
Spain,2002,42.7809151323494,2.70385660350729
Spain,2003,39.4844232363343,3.09767652788133
Spain,2004,37.9474509001929,3.26652548656317
Spain,2005,35.1193672479511,3.61545312560505
Spain,2006,31.7445981037993,4.01733437974936
Spain,2007,29.1782318353234,3.56531749679263
Spain,2008,32.9283417547083,0.855729994059029
Spain,2009,42.5426803651224,-3.76723274289228
Sweden,1946,47.2433714921531,11.3994033107838
Sweden,1947,42.214742722963,7.93664476293074
Sweden,1948,39.8391700173491,2.31577956591134
Sweden,1949,39.262870901928,2.94912600006287
Sweden,1950,38.8698309736169,6.00784690253133
Sweden,1951,32.3870381127977,2.97712848423071
Sweden,1952,29.4492458119975,0.563609787361741
Sweden,1953,31.1722213470756,4.03442310043956
Sweden,1954,31.8513504938768,5.27826336304087
Sweden,1955,31.6386959686781,2.81078660502718
Sweden,1956,30.7126952806792,3.49410087993678
Sweden,1957,32.3847158387463,3.08230437820629
Sweden,1958,31.8794263598259,3.63923777369586
Sweden,1959,32.8658766699374,4.70046535455211
Sweden,1960,31.5544407644018,5.62295589102586
Sweden,1961,28.5423193499911,5.09151889602892
Sweden,1962,25.0305178646885,6.04755533769636
Sweden,1963,23.6443350511499,5.27072680270366
Sweden,1964,21.4456003467707,8.0303933007581
Sweden,1965,19.2649376701533,5.10999792918276
Sweden,1966,19.0812139750199,4.37493744547561
Sweden,1967,19.5190283646056,3.20853761174034
Sweden,1968,21.0078272296178,4.40583841112201
Sweden,1969,26.256351600965,5.61929389650149
Sweden,1970,20.9927653199865,5.59010373351871
Sweden,1971,20.8286120881776,0.301218113903712
Sweden,1972,22.1517682741291,3.30216387054647
Sweden,1973,22.61890061038,3.95068381723811
Sweden,1974,24.2122072253218,2.23094606806464
Sweden,1975,24.4250876872184,2.08907132471354
Sweden,1976,23.636598794228,0.447403700780002
Sweden,1977,26.4802062613509,-1.42106900449239
Sweden,1978,31.8038550127288,2.21634933001982
Sweden,1979,37.88499849667,3.95618944884235
Sweden,1980,41.8512489495626,2.5989449667656
Sweden,1981,49.3121753143841,-0.202241958105964
Sweden,1982,57.4758071768359,1.19311671732401
Sweden,1983,62.5060781645166,1.80975934519181
Sweden,1984,64.7151247524561,4.27129379251117
Sweden,1985,66.206429757467,2.18966325766399
Sweden,1986,64.0218906017987,2.86106747740382
Sweden,1987,58.2613499115227,3.45713548559716
Sweden,1988,52.3338023818513,2.66643113865095
Sweden,1989,46.396582386144,2.77913350141807
Sweden,1990,43.517749855778,1.01028834275949
Sweden,1991,45.2177828240315,-1.12128668229019
Sweden,1992,57.5920961435353,-1.20351128195971
Sweden,1993,71.9640519137144,-2.0577861113298
Sweden,1994,76.6204933360331,3.94685746955965
Sweden,1995,76.5938577490938,3.97305660204739
Sweden,1996,76.1946233714344,1.46052038207654
Sweden,1997,74.3163466528282,2.46028157031823
Sweden,1998,72.0076636730961,3.81394552082206
Sweden,1999,64.6986068541458,4.59540284999616
Sweden,2000,56.8538082391477,4.39893243354854
Sweden,2001,49.7307603022982,1.05773944471679
Sweden,2002,47.9324261802079,2.41130871594777
Sweden,2003,48.8535673816671,1.91259693534438
Sweden,2004,47.8988632207729,4.12704459176849
Sweden,2005,47.8415630186969,3.29833935766051
Sweden,2006,43.7796944970163,4.24645958606078
Sweden,2007,38.1216565977016,2.55972208860455
Sweden,2008,35.442493854692,-0.155069095887073
Sweden,2009,35.2432812784664,-4.82778286262043
UK,1946,247.481942215088,-2.45831022563576
UK,1947,237.940958039361,-1.27622446388918
UK,1948,213.971939201603,2.92411005346198
UK,1949,197.768348263398,3.3147168642687
UK,1950,193.883378418996,3.18145897484807
UK,1951,175.338203463203,2.72781893330165
UK,1952,161.990865294375,0.0523814267672229
UK,1953,152.158168331289,3.8362957776336
UK,1954,146.656736180073,4.11183905272732
UK,1955,138.193945613135,3.45773206290352
UK,1956,129.027486161481,0.928156867700314
UK,1957,122.180502148835,1.65884666053966
UK,1958,118.1431670282,0.319358260631053
UK,1959,112.43633974043,4.28101110429107
UK,1960,106.759825999923,5.33010134737428
UK,1961,103.060591690074,2.33333163993639
UK,1962,99.871129532235,1.0812367203479
UK,1963,98.1551514354303,4.29857475419175
UK,1964,90.9654508246058,5.48038414721719
UK,1965,84.8222246990638,2.22695921966027
UK,1966,82.0681348032156,1.92516381469343
UK,1967,79.4071646682059,2.46377494623011
UK,1968,78.3260032985157,4.19815807904997
UK,1969,72.2710163111669,2.0745006370577
UK,1970,63.9875425564841,2.2442424575998
UK,1971,57.9885555748223,2.09327855331536
UK,1972,55.4618467680785,3.65554423581387
UK,1973,49.4801797571936,7.195866586973
UK,1974,47.4779028078521,-1.3129395813914
UK,1975,42.4112371974475,-0.622184670180304
UK,1976,44.8112833995914,2.63496232805696
UK,1977,45.6995502575303,2.37469861666735
UK,1978,46.7568972033258,3.22959975790749
UK,1979,43.6125890974802,2.68007500768717
UK,1980,40.8750171538356,-2.08179788391148
UK,1981,44.1066181778452,-1.32345810475475
UK,1982,42.1280744705079,2.09306881722502
UK,1983,41.641954773166,3.62434644737919
UK,1984,43.343245037328,2.67092492691234
UK,1985,43.6836227533323,3.5993814256188
UK,1986,44.036345975449,4.01232982275881
UK,1987,43.3471358753339,4.56208084998957
UK,1988,41.2593258239117,5.03210179148073
UK,1989,37.5651564707181,2.28144672355917
UK,1990,33.8395147672296,0.779266146260205
UK,1991,33.1910721205885,-1.39243896792991
UK,1992,34.4855967078189,0.146630449478247
UK,1993,38.037377177482,2.2222549499695
UK,1994,44.2823602751567,4.28017432855892
UK,1995,47.6175085166911,3.04273740443952
UK,1996,49.9769740292635,2.87925648165115
UK,1997,50.5419868111322,3.30717007853321
UK,1998,47.5974346549092,3.60573081807554
UK,1999,45.3987703638302,3.47324115733441
UK,2000,43.6482945276811,3.91503674974381
UK,2001,41.6856848706436,2.46183202504959
UK,2002,40.401500979951,2.09653279545381
UK,2003,39.3075299233338,2.81802206208706
UK,2004,41.3268105340161,2.75780744130709
UK,2005,38.5946445943575,2.05758646422662
UK,2006,40.0512897872982,2.83783829006856
UK,2007,41.0328262610088,3.02238210993202
UK,2008,42.451819017917,0.70691524518951
UK,2009,54.9543890705078,-4.4
US,1946,121.252069834833,-10.9421586165772
US,1947,105.811709589922,-0.898337239147429
US,1948,93.754086403939,4.39727492821351
US,1949,94.5996855763473,-0.512350339769174
US,1950,87.6259286179775,8.74396920908549
US,1951,75.2201523180077,7.73180458624128
US,1952,72.3151489771142,3.83138216648931
US,1953,70.1479202844714,4.60359196042603
US,1954,71.3090428780231,-0.630538513974088
US,1955,66.1620985780082,7.19859372320357
US,1956,62.3572962160494,1.97576290845096
US,1957,58.6699570366515,2.01592344197357
US,1958,59.1488051682363,-0.903463919111147
US,1959,56.1993499956573,7.17333954065798
US,1960,54.3941414984803,2.47601809954752
US,1961,53.0416553983113,2.33141403793846
US,1962,50.9135773810825,6.05820014498257
US,1963,49.5078719643898,4.3711756281734
US,1964,46.9730107379445,5.78788162285218
US,1965,44.1209705164789,6.42042272204697
US,1966,40.6128078957725,6.51505498462648
US,1967,39.1904057898847,2.52776116297817
US,1968,38.2038257227962,4.84210526315789
US,1969,35.9325735311865,3.10640150965309
US,1970,35.7236547192526,0.190060537800907
US,1971,35.3327781732339,3.3583924682077
US,1972,34.514941509088,5.31121836267645
US,1973,33.1434280049193,5.79426382942101
US,1974,31.6812147870624,-0.551149074639012
US,1975,32.557183855407,-0.212683285956761
US,1976,34.0037816507728,5.36530382211293
US,1977,34.4239200039407,4.59805885670939
US,1978,33.6360624291569,5.57673354779926
US,1979,32.2581765670127,3.1245596731013
US,1980,32.5562569491769,-0.273270708795903
US,1981,31.9129781246002,2.5381058400411
US,1982,35.1049428255256,-1.9424772848744
US,1983,38.9636734001019,4.51889829498033
US,1984,39.9976086901219,7.1852286431342
US,1985,43.2271013633669,4.13860211947514
US,1986,47.651456618865,3.46312761888077
US,1987,49.6215879349928,3.20045156283073
US,1988,51.0222279044977,4.11031955478374
US,1989,52.1229266191241,3.57241361194658
US,1990,55.74197830837,1.87676739497078
US,1991,61.1689282838571,-0.234008389449702
US,1992,64.0874864878987,3.39359459021098
US,1993,66.165055091025,2.85141967636446
US,1994,66.2331325864196,4.07466503977287
US,1995,67.0827262156122,2.5138940557115
US,1996,66.6557496859858,3.74105149719035
US,1997,64.9650282199246,4.45626941137811
US,1998,62.8440667413203,4.35545903818639
US,1999,60.4722392859892,4.82617785773325
US,2000,57.0183209555042,4.13922336221453
US,2001,56.4587837316016,1.07963655799039
US,2002,58.5234015729401,1.81366328257191
US,2003,60.8792872326043,2.49026226954039
US,2004,62.1770900784476,3.57326847230315
US,2005,62.7667241242879,3.05451817544318
US,2006,63.4899732569217,2.67280668439043
US,2007,63.9854876346549,2.14161310707295
US,2008,74.0910609583196,0.438166303257104
US,2009,83.4828347084133,-2.73016993842103
